industry,masculine,feminine
construction,lead,creat
construction,skill,respons
construction,certain,respons
construction,lead,consider
construction,skill,respons
construction,independ,respons
construction,effici,communic
construction,solut,support
construction,lead,commit
construction,lead,creat
construction,individu,commit
construction,capabl,respons
construction,lead,respons
construction,lead,relationship
construction,strateg,respons
construction,leadership,relat
construction,individu,help
construction,achiev,worth
construction,power,respons
construction,competit,respons
construction,power,commit
construction,skill,respons
construction,leadership,respons
construction,achiev,easi
construction,activ,commit
construction,power,support
construction,success,respons
construction,activ,respons
construction,capabl,respons
construction,analyz,creat
construction,leader,respons
construction,skill,support
construction,solut,commit
construction,success,creat
construction,strateg,talk
construction,activ,respons
construction,analysi,respons
construction,leadership,interperson
construction,success,support
construction,competit,respons
construction,success,support
construction,challeng,relat
construction,determin,respons
construction,determin,respons
construction,solut,share
construction,activ,communic
construction,success,respons
construction,skill,help
construction,skill,respons
construction,skill,respons
construction,success,communic
construction,skill,respons
construction,lead,communic
construction,leader,help
construction,activ,valid
construction,activ,respons
construction,pride,creativ
construction,challeng,communic
construction,effici,beauti
construction,analyst,respons
construction,effici,respect
construction,power,helper
construction,autonom,relat
construction,focus,beauti
construction,strengthen,valid
construction,focus,respons
construction,power,support
construction,leader,support
construction,leader,respons
construction,analyz,respons
construction,analyz,respons
construction,challeng,respons
construction,focus,help
construction,leader,relat
construction,forc,depend
construction,solut,support
construction,independ,respons
construction,leader,respons
construction,success,understand
construction,effici,help
construction,solut,respons
construction,leadership,commit
construction,focus,respons
construction,lead,respons
construction,activ,depend
construction,success,support
construction,activ,help
construction,power,respons
construction,leader,respect
construction,analysi,receiv
construction,activ,commit
construction,leader,help
construction,lead,respons
construction,competit,respons
construction,activ,support
construction,competit,communiti
construction,success,communic
construction,skill,relat
construction,success,share
construction,lead,respons
construction,solut,share
construction,leader,support
construction,effici,respons
construction,analyst,helper
construction,success,respect
construction,decis,respons
construction,lead,commit
construction,leader,communic
construction,skill,cooper
construction,success,respons
construction,individu,respons
construction,skill,help
construction,lead,relat
construction,lead,kind
construction,analyt,kind
construction,effici,respons
construction,power,communiti
construction,competit,valid
construction,lead,relationship
construction,power,respons
construction,lead,respons
construction,focus,feel
construction,analysi,respons
construction,individu,respons
construction,individu,life
construction,lead,trust
construction,determin,respons
construction,skill,relat
construction,success,respons
construction,individu,support
construction,activ,respons
construction,success,support
construction,individu,communiti
construction,analysi,help
construction,success,commit
construction,activ,respons
construction,competit,respons
construction,challeng,respons
construction,lead,respons
construction,solut,help
construction,skill,respons
construction,lead,interperson
construction,capabl,respons
construction,lead,love
construction,analyz,respons
construction,focus,respons
construction,solut,respons
construction,honor,respons
construction,effici,communic
construction,lead,respons
construction,lead,understand
construction,activ,commit
construction,decis,help
construction,object,commit
construction,skill,creativ
construction,ambit,respons
construction,competit,understand
construction,strength,respons
construction,skill,relationship
construction,leadership,respons
construction,effici,respons
construction,power,understand
construction,leader,feel
construction,principl,respons
construction,challeng,share
construction,analyz,respons
construction,leadership,relat
construction,lead,support
construction,leader,trust
construction,individu,trust
construction,lead,worth
construction,focus,respons
construction,effici,understand
construction,skill,relat
construction,individu,help
construction,individu,understand
construction,activ,depend
construction,determin,respons
construction,capabl,relat
construction,success,respons
construction,solut,worth
construction,object,support
construction,skill,understand
construction,lead,support
construction,lead,respons
construction,competit,respons
construction,focus,respons
construction,focus,help
construction,lead,worth
construction,object,respons
construction,skill,helper
construction,forc,support
construction,competit,togeth
construction,skill,understand
construction,aggress,respons
construction,skill,respect
construction,success,respons
construction,skill,respons
construction,activ,respons
construction,success,support
construction,challeng,commit
construction,individu,respons
construction,solut,relat
construction,competit,share
construction,principl,respons
construction,effici,connect
construction,solut,respons
construction,activ,communic
construction,compet,valid
construction,determin,submiss
construction,effici,support
construction,domin,communic
construction,success,respons
construction,individu,trust
construction,strategi,relationship
construction,individu,respons
construction,effici,support
construction,success,relationship
construction,lead,respons
construction,activ,support
construction,achiev,respons
construction,success,creat
construction,analyz,help
construction,individu,communic
construction,individu,respons
construction,skill,respons
construction,skill,communiti
construction,leader,respons
construction,leadership,communic
construction,activ,respons
construction,effici,understand
construction,analysi,respons
construction,power,help
construction,individu,appreci
construction,activ,respons
construction,leader,support
construction,success,trust
construction,solut,respons
construction,lead,respons
construction,solut,connect
construction,success,support
construction,object,respons
construction,leadership,support
construction,skill,relationship
construction,lead,respons
construction,activ,creativ
construction,success,understand
construction,activ,creat
construction,individu,respons
construction,effici,support
construction,determin,respons
construction,strength,respons
construction,skill,communic
construction,skill,respons
construction,challeng,easi
construction,success,support
construction,focus,understand
construction,leadership,respons
construction,success,cooper
construction,solut,respons
construction,analysi,help
construction,compet,receiv
construction,independ,respons
construction,skill,connect
construction,activ,respons
construction,skill,life
construction,leader,communiti
construction,focus,creat
construction,lead,respons
construction,lead,respons
construction,success,respons
construction,skill,respons
construction,skill,respons
construction,success,support
construction,focus,respons
construction,decis,help
construction,challeng,communic
construction,individu,communiti
construction,strategi,respons
construction,determin,support
construction,strategi,support
construction,focus,share
construction,lead,commit
construction,lead,respons
construction,power,respons
construction,skill,respons
construction,leadership,creat
construction,lead,relat
construction,activ,valid
construction,activ,communic
construction,skill,support
construction,skill,respons
construction,determin,respons
construction,success,share
construction,solut,respons
construction,activ,intuit
construction,analysi,communic
construction,activ,togeth
construction,lead,intim
construction,competit,communic
construction,analyz,help
construction,challeng,respons
construction,power,communic
construction,skill,depend
construction,skill,communic
construction,competit,relationship
construction,competit,respons
construction,skill,valid
construction,power,support
construction,determin,help
construction,lead,communic
construction,leadership,respons
construction,skill,consider
construction,activ,relat
construction,lead,respons
construction,leader,share
construction,lead,respons
construction,strateg,support
construction,skill,communiti
construction,success,support
construction,power,valid
construction,activ,relat
construction,analysi,share
construction,success,creat
construction,object,support
construction,individu,communic
construction,individu,communiti
construction,skill,relationship
construction,boast,respons
construction,skill,respons
construction,individu,creativ
construction,power,depend
construction,leader,respons
construction,competit,respons
construction,activ,respons
construction,determin,respons
construction,analyz,communiti
construction,achiev,respons
construction,skill,respons
construction,lead,help
construction,lead,help
construction,lead,relationship
construction,object,cooper
construction,competit,support
construction,competit,help
construction,effici,share
construction,power,support
construction,strategi,help
construction,solut,respons
construction,analyt,respons
construction,lead,feel
construction,principl,respons
construction,skill,respons
construction,activ,worth
construction,solut,respect
construction,strateg,respons
construction,success,commit
construction,success,communic
construction,analyz,valid
construction,object,consider
construction,capabl,respons
construction,strategi,support
construction,effici,respons
construction,leader,respons
construction,individu,commit
construction,power,consider
construction,success,beauti
construction,success,relationship
construction,success,respons
construction,skill,respons
construction,lead,support
construction,lead,communic
construction,confid,communic
construction,success,support
construction,lead,respons
construction,competit,relat
construction,compet,respons
construction,success,respons
construction,individu,communic
construction,skill,respons
construction,capabl,respons
construction,individu,togeth
construction,independ,helper
construction,skill,help
construction,focus,respons
construction,skill,support
construction,individu,relat
construction,solut,respons
construction,leader,respons
construction,activ,help
construction,leader,respons
construction,pride,communiti
construction,leader,support
construction,challeng,respons
construction,lead,trust
construction,leader,worth
construction,activ,respons
construction, activ,life
construction, analysi,commit
construction, success,togeth
construction, focus,respect
construction, decis,relat
construction, analysi,communic
construction, competitor,support
construction, independ,respons
construction, focus,respons
construction, power,commit
construction, leader,support
construction, focus,commit
construction, autonomi,respons
construction, competit,respons
construction, skill,commit
construction, object,support
construction, focus,communiti
construction, success,respons
construction, focus,help
construction, solut,support
construction, success,relat
construction, focus,help
construction, skill,communic
construction, activ,togeth
construction, solut,relat
construction, skill,communiti
construction, analysi, respons
construction, logic, creativ
construction, leadership, relat
construction, competit, relat
construction, skill, respons
construction, leader, communiti
construction, individu, respons
construction, competit, share
construction, effici, support
construction, skill, relationship
construction, solut, respons
construction, analysi, creat
construction, leader, life
construction, focus, understand
construction, strength, relat
construction, lead, consider
construction, lead, help
construction, determin, communic
construction, skill, understand
construction, leader, consider
construction, solut, help
construction, skill, support
construction, solut, respect
construction, leadership, help
construction, strateg, connect
construction, skill, help
construction, achiev, support
construction, skill, communic
construction, leadership, respons
construction, leader, creativ
construction, activ, relat
construction, effici, life
construction, skill, creativ
construction, skill, respons
construction, individu, understand
construction, effici, respons
construction, effici, communic
construction, skill, commit
construction, honor, understand
construction, aggress, creat
construction, compet, respons
construction, leader, respons
construction, lead, consider
construction, skill, communiti
construction, leader, understand
construction, achiev, relat
construction, skill, respons
construction, object, understand
construction, independ, creat
construction, success, relat
construction, skill, trust
construction, effici, communic
construction, skill, life
construction, activ, life
construction, success, help
construction, skill, creat
construction, skill, creativ
construction, superior, relat
construction, success, support
construction, skill, share
construction, independ, valid
construction, skill, valid
construction, skill, share
construction, superior, respons
construction, challeng, support
construction, lead, commit
construction, individu, support
construction, power, respons
construction, leadership, commit
construction, competitor, relationship
construction, individu, togeth
construction, pride, beauti
construction, effici, interperson
construction, strateg, commit
construction, success, respons
construction, competit, respons
construction, competit, communic
construction, effici, share
construction, lead, creat
construction, activ, respons
construction, leadership, creat
construction, individu, support
construction, lead, relat
construction, forc, communic
construction, success, respons
construction, success, relationship
construction, solut, respons
construction, lead, relat
construction, success, support
construction, focus, understand
construction, skill, help
construction, object, support
construction, principl, relationship
construction, leadership, respons
construction, analyz, relationship
construction, analysi, depend
construction, skill, depend
construction, lead, receiv
construction, analyz, receiv
construction, success, respons
construction, forc, understand
construction, effici, respons
construction, individu, warm
construction, independ, communic
construction, success, communic
construction, skill, relat
construction, leadership, commit
construction, focus, creativ
construction, confid, share
construction, individu, communiti
construction, competit, creativ
construction, power, respons
construction, determin, support
construction, activ, depend
construction, determin, appreci
construction, lead, creat
construction, lead, consider
construction, individu, creat
construction, superior, receiv
construction, skill, life
construction, effici, respect
construction, focus, receiv
construction, activ, respons
construction, leader, receiv
construction, decis, relat
construction, success, support
construction, independ, respons
construction, skill, receiv
construction, lead, respons
construction, skill, relat
construction, principl, help
construction, success, relationship
construction, aggress, understand
construction, independ, commit
construction, pride, creat
construction, success, cooper
construction, strengthen, valid
construction, determin, creat
construction, solut, communic
construction, activ, honest
construction, skill, support
construction, decis, relat
construction, skill, respons
construction, power, understand
construction, individu, connect
construction, solut, understand
construction, leader, relationship
construction, focus, communic
construction, leadership, communic
construction, focus, receiv
construction, competit, communic
construction, success, communic
construction, challeng, respons
construction, object, connect
construction, skill, life
construction, capabl, life
construction, success, interperson
construction, decis, trust
construction, power, valid
construction, strateg, support
construction, intellectu, respons
construction, solut, communiti
construction, individu, support
construction, leadership, creat
construction, analyz, relationship
construction, competit, life
construction, success, respons
construction, leader, share
construction, capabl, relat
construction, skill, support
construction, individu, respons
construction, pride, help
construction, lead, support
construction, achiev, relationship
construction, solut, relationship
construction, pride, valid
construction, skill, understand
construction, lead, respect
construction, individu, communic
construction, solut, relat
construction, activ, respons
construction, object, worthwhil
construction, leader, beauti
construction, forc, relat
construction, skill, support
construction, skill, trust
construction, individu, communic
construction, individu, help
construction, power, communic
construction, effici, feel
construction, analysi, help
construction, lead, respons
construction, power, respons
construction, skill, connect
construction, effici, communiti
construction, activ, togeth
construction, analyst, creat
construction, activ, respons
construction, skill, respons
construction, ambit, receiv
construction, analyz, communic
construction, decis, communic
construction, compet, communic
construction, competit, communiti
construction, solut, creat
construction, skill, respons
construction, success, communiti
construction, success, support
construction, skill, communiti
construction, skill, loyalti
construction, success, respons
construction, capabl, understand
construction, lead, help
construction, achiev, respons
construction, success, valid
construction, independ, relat
construction, skill, respons
construction, skill, respons
construction, solut, communic
construction, effici, respons
construction, individu, creativ
construction, principl, respons
construction, activ, commit
construction, lead, life
construction, individu, receiv
construction, skill, commit
construction, object, respons
construction, skill, understand
construction, pride, relationship
construction, leader, beauti
construction, effici, communiti
construction, competit, support
construction, forc, relat
construction, individu, support
construction, analysi, valid
construction, individu, relat
construction, leader, respons
construction, skill, respons
construction, power, respons
construction, skill, relationship
construction, analysi, life
construction, leadership, appreci
construction, competit, help
construction, pride, communiti
construction, competit, appreci
construction, leader, help
construction, forc, respons
construction, success, communic
construction, capabl, respons
construction, activ, receiv
construction, capabl, receiv
construction, athlet, communic
construction, activ, respect
construction, pride, understand
construction, activ, respons
construction, power, respons
construction, compat, creativ
construction, lead, communic
construction, solut, relat
construction, solut, interperson
construction, solut, creat
construction, individu, respons
construction, competit, valid
construction, decis, respons
construction, competit, relationship
construction, analyt, help
construction, activ, commit
construction, lead, understand
construction, success, creat
construction, individu, togeth
construction, challeng, depend
construction, effici, commit
construction, effici, respons
construction, solut, relat
construction, challeng, communiti
construction, strateg, help
construction, analyz, respons
construction, skill, support
construction, success, respons
construction, individu, beauti
construction, decis, valid
construction, leader, connect
construction, skill, communiti
construction, strategi, respons
construction, independ, support
construction, capabl, depend
construction, skill, respons
construction, strategi, respons
construction, leadership, support
construction, competit, support
construction, principl, understand
construction, skill, commit
construction, decis, respect
construction, success, understand
construction, strategist, support
construction, challeng, depend
construction, success, depend
construction, activ, communic
construction, effici, creat
construction, success, help
construction, success, support
construction, capabl, understand
construction, achiev, help
construction, lead, communic
construction, success, depend
construction, success, help
construction, lead, connect
construction, determin, support
construction, individu, understand
construction, strengthen, support
construction, competit, support
construction, lead, depend
construction, challeng, creat
construction, leader, respons
construction, activ, receiv
construction, analyt, support
construction, focus, depend
construction, skill, creat
construction, pride, creat
construction, independ, life
construction, logic, commit
construction, object, relat
construction, skill, relat
construction, success, support
construction, focus, interperson
construction, decis, relat
construction, skill, respons
construction, skill, helper
construction, pride, support
construction, success, communic
construction, focus, communic
construction, decis, kind
construction, solut, love
construction, success, communic
construction, challeng, help
construction, success, communiti
construction, success, consider
construction, leadership, life
construction, skill, communiti
construction, activ, love
construction, individu, share
construction, competit, respons
construction, individu, relat
construction, skill, communic
construction, skill, creativ
construction, individu, valid
construction, principl, communiti
construction, focus, relationship
construction, independ, consider
construction, determin, help
construction, skill, support
construction, achiev, share
construction, power, communic
construction, success, communic
construction, success, consider
construction, individu, consider
construction, activ, cooper
construction, pride, relationship
construction, success, creat
construction, individu, support
construction, honor, support
construction, skill, easi
construction, analysi, connect
construction, leadership, communic
construction, leadership, respect
construction, decis, respons
construction, effici, share
construction, competit, respect
construction, success, support
construction, success, relationship
construction, principl, respons
construction, analyz, consider
construction, power, help
construction, competit, relat
construction, certain, relationship
construction, leader, respons
construction, decis, understand
construction, lead, communic
construction, object, relat
construction, strategi, communic
construction, independ, submiss
construction, ambit, share
construction, leadership, communic
construction, focus, respect
construction, effici, relat
construction, lead, feel
construction, challeng, communic
construction, leader, communic
construction, focus, creat
construction, competit, support
construction, determin, understand
construction, skill, understand
construction, individu, relat
construction, lead, receiv
construction, achiev, understand
construction, success, support
construction, challeng, polit
construction, individu, connect
construction, competit, valid
construction, competit, receiv
construction, activ, sensit
construction, solut, respons
construction, activ, communic
construction, leadership, creativ
construction, achiev, commit
construction, competit, relat
construction, individu, feel
construction, solut, communic
construction, power, commit
construction, capabl, relat
construction, leadership, relat
construction, power, depend
construction, competit, connect
construction, skill, respons
construction, challeng, life
construction, analyz, commit
construction, activ, support
construction, competit, receiv
construction, compet, trust
construction, individu, connect
construction, leadership, easili
construction, focus, relationship
construction, intellectu, relat
construction, independ, communiti
construction, success, support
construction, leadership, communiti
construction, success, relat
construction, analyz, understand
construction, focus, commit
construction, capabl, interperson
construction, object, help
construction, confid, help
construction, competit, honest
construction, decis, valid
construction, leader, commit
construction, solut, respect
construction, lead, communic
construction, individu, valid
construction, capabl, relationship
construction, solut, help
construction, achiev, talk
construction, activ, creat
construction, object, communic
construction, focus, respons
construction, leadership, commit
construction, athlet, relat
construction, lead, respons
construction, focus, communic
construction, leadership, valid
construction, determin, understand
construction, activ, commit
construction, strategi, life
construction, compet, communic
construction, capabl, respons
construction, competit, life
construction, effici, creat
construction, skill, relat
construction, intellectu, life
construction, fulfil, receiv
construction, capabl, creator
construction, activ, communic
construction, competit, creat
construction, lead, creat
construction, leader, respons
construction, activ, receiv
construction, effici, commit
construction, effici, communic
construction, challeng, help
construction, focus, commit
construction, leadership, commit
construction, skill, share
construction, strateg, togeth
construction, solut, creat
construction, success, love
construction, power, support
construction, lead, submiss
construction, solut, depend
construction, achiev, relat
construction, success, relat
construction, principl, depend
construction, strateg, relat
construction, ambiti, communic
construction, success, help
construction, focus, communic
construction, challeng, relat
construction, leadership, communic
construction, achiev, understand
construction, skill, communic
construction, skill, creativ
construction, individu, support
construction, success, consider
construction, effici, respons
construction, compet, support
construction, activ, togeth
construction, skill, relationship
construction, leadership, understand
construction, individu, communic
construction, individu, communiti
construction, independ, life
construction, success, creat
construction, solut, consider
construction, success, relat
construction, solut, understand
construction, skill, yield
construction, pride, talk
construction, challeng, communiti
construction, skill, feel
construction, competit, relationship
construction, analyz, communiti
construction, lead, communic
construction, skill, understand
construction, superior, relat
construction, strength, creativ
construction, individu, valid
construction, focus, connect
construction, power, help
construction, confid, support
construction, leadership, relat
construction, skill, sensit
construction, skill, valid
construction, principl, togeth
construction, certain, respect
construction, success, communic
construction, confid, respons
construction, analyz, communic
construction, success, understand
construction, skill, share
construction, activ, relat
construction, lead, trust
construction, analyt, talk
construction, competit, pleasant
construction, skill, polit
construction, activ, emot
construction, effici, communiti
construction, analysi, life
construction, individu, feel
construction, compet, interperson
construction, success, communic
construction, skill, support
construction, individu, share
construction, superior, help
construction, analysi, communic
construction, pride, communic
construction, skill, communic
construction, aggress, communic
construction, persist, feel
construction, individu, communic
construction, skill, relationship
construction, object, respons
construction, solut, commit
construction, object, communic
construction, decis, talk
construction, object, relat
construction, achiev, relat
construction, individu, communiti
construction, achiev, respons
construction, solut, communic
construction, skill, understand
construction, activ, share
construction, activ, relat
construction, independ, commit
construction, skill, communic
construction, analyz, communic
construction, analyz, creat
construction, compet, understand
construction, capabl, support
construction, capabl, support
construction, skill, togeth
construction, principl, love
construction, activ, respons
construction, power, respons
construction, challeng, respect
construction, challeng, understand
construction, leadership, commit
construction, independ, understand
construction, independ, communiti
construction, aggress, communic
construction, compet, support
construction, skill, respons
construction, individu, communic
construction, competit, support
construction, individu, depend
construction, skill, relat
construction, competit, commit
construction, effici, help
construction, strategi, relat
construction, pride, support
construction, analyz, creat
construction, challeng, feel
construction, analysi, communiti
construction, pride, valid
construction, focus, relat
construction, fulfil, creat
construction, strateg, interperson
construction, strategi, support
construction, analyst, interperson
construction, leadership, help
construction, power, interperson
construction, success, submiss
construction, achiev, trust
construction, determin, receiv
construction, individu, communic
construction, lead, relat
construction, solut, creat
construction, challeng, help
construction, challeng, relationship
construction, competit, understand
construction, achiev, consider
construction, pride, help
construction, autonomi, support
construction, success, communic
construction, achiev, receiv
construction, focus, communiti
construction, achiev, help
construction, activ, life
construction, success, understand
construction, challeng, respons
construction, solut, relat
construction, decis, communic
construction, competit, understand
construction, activ, support
construction, activ, communic
construction, capabl, respons
construction, compet, depend
construction, solut, loyalti
construction, challeng, talk
construction, success, creat
construction, individu, understand
construction, focus, commit
construction, power, respons
construction, opinion, commit
construction, activ, commit
construction, compet, relat
construction, individu, communic
construction, capabl, help
construction, individu, communiti
construction, skill, communic
construction, activ, connect
construction, challeng, togeth
construction, achiev, depend
construction, skill, receiv
construction, capabl, trust
construction, skill, help
construction, confid, communic
construction, analyz, honest
construction, skill, life
construction, lead, share
construction, activ, receiv
construction, skill, relationship
construction, challeng, help
construction, independ, feel
construction, skill, togeth
construction, success, receiv
construction, skill, communic
construction, competit, creativ
construction, capabl, support
construction, activ, relat
construction, skill, commit
construction, analyz, help
construction, certain, relat
construction, competit, relationship
construction, achiev, communic
construction, decis, respons
construction, fulfil, polit
construction, success, connect
construction, competit, commit
construction, competit, talk
construction, decis, valid
construction, analysi, communic
construction, determin, relationship
construction, effici, depend
construction, leadership, emot
construction, analysi, valid
construction, success, valid
construction, decis, respons
construction, skill, communic
construction, solut, interperson
construction, success, depend
construction, skill, depend
construction, decis, respect
construction, skill, life
construction, success, relat
construction, certain, valid
construction, compet, communic
construction, focus, communiti
construction, object, share
construction, leader, love
construction, activ, communiti
construction, individu, commit
construction, skill, support
construction, solut, depend
construction, individu, togeth
construction, lead, depend
construction, skill, creat
construction, challeng, commit
construction, skill, relat
construction, object, respons
construction, digniti, relat
construction, strateg, relat
construction, intellectu, support
construction, object, relat
construction, skill, understand
construction, object, relat
construction, effici, talk
construction, leadership, support
construction, lead, support
construction, success, help
construction, determin, receiv
construction, courag, communic
construction, achiev, creat
construction, pride, understand
construction, forc, communiti
construction, object, feel
construction, strength, depend
construction, skill, respect
construction, adventur, relat
construction, focus, respons
construction, activ, togeth
construction, focus, receiv
construction, effici, commit
construction, fulfil, creat
construction, capabl, help
construction, leadership, support
construction, determin, life
construction, success, creat
construction, solut, relationship
construction, individu, understand
construction, analyz, valid
construction, focus, creativ
construction, object, life
construction, determin, receiv
construction, challeng, relat
construction, leader, relationship
construction, analyz, life
construction, achiev, love
construction, skill, communic
construction, achiev, relationship
construction, activ, receiv
construction, success, interperson
construction, achiev, help
construction, individu, valid
construction, independ, consider
construction, compet, commit
construction, lead, communic
construction, lead, commit
construction, individu, help
construction, leader, consider
construction, autonom, tender
construction, decis, togeth
construction, focus, help
construction, analyz, consider
construction, skill, sensit
construction, achiev, relationship
construction, strengthen, devot
construction, challeng, interperson
construction, success, depend
construction, determin, relat
construction, skill, respons
construction, confid, communic
construction, pride, togeth
construction, strategi, interperson
construction, pride, respons
construction, skill, depend
construction, individu, understand
construction, skill, respons
construction, compet, commit
construction, principl, relat
construction, achiev, valid
construction, object, communiti
construction, success, respons
construction, competit, communic
construction, aggress, relat
construction, autonomi, commit
construction, analyt, connect
construction, fulfil, communic
construction, strength, love
construction, analyt, depend
construction, decis, communic
construction, individu, respons
construction, activ, kind
construction, leader, respons
construction, fulfil, creat
construction, analyt, interperson
construction, principl, valid
construction, solut, understand
construction, analysi, respect
construction, lead, relat
construction, achiev, relat
construction, competit, talk
construction, leader, relat
construction, leadership, commit
construction, skill, relat
construction, effici, relat
construction, object, relationship
construction, focus, understand
construction, analyt, relationship
construction, solut, respons
construction, competit, communic
construction, focus, support
construction, power, communic
construction, individu, communiti
construction, fulfil, understand
construction, leadership, valid
construction, leadership, receiv
construction, individu, communiti
construction, analyz, consider
construction, principl, commit
construction, decis, share
construction, individu, communiti
construction, individu, receiv
construction, opinion, creat
construction, success, life
construction, challeng, respons
construction, focus, communiti
construction, effici, support
construction, capabl, creat
construction, power, valid
construction, power, togeth
construction, skill, help
construction, skill, relationship
construction, independ, life
construction, determin, life
construction, strateg, respect
construction, strateg, understand
construction, competit, relat
construction, activ, understand
construction, skill, creat
construction, analysi, respons
construction, analyt, communiti
construction, analyz, share
construction, determin, valid
construction, analyz, relat
construction, activ, relationship
construction, object, respons
construction, forc, respons
construction, focus, support
construction, effici, relat
construction, object, receiv
construction, independ, receiv
construction, compet, talk
construction, principl, life
construction, leader, consider
construction, competit, communic
construction, determin, receiv
construction, solut, interperson
construction, challeng, connect
construction, competit, relat
construction, decis, feel
construction, object, help
construction, lead, consider
construction, decis, consider
construction, confid, creat
construction, skill, polit
construction, success, relat
construction, determin, consider
construction, honor, commit
construction, power, commit
construction, activ, creat
construction, challeng, life
construction, solut, respect
construction, decis, communiti
construction, compet, trust
construction, challeng, relationship
construction, success, warm
construction, activ, togeth
construction, decis, interperson
construction, challeng, understand
construction, effici, connect
construction, independ, life
construction, skill, life
construction, activ, trust
construction, lead, receiv
construction, analyz, consider
construction, principl, communic
construction, independ, consider
construction, achiev, receiv
construction, determin, interperson
construction, individu, consider
construction, capabl, relat
construction, principl, support
construction, analyt, creat
construction, leadership, receiv
construction, competit, respect
construction, analyt, valid
construction, individu, receiv
construction, challeng, respons
construction, effici, receiv
construction, analysi, depend
construction, skill, kind
construction, effici, commit
construction, individu, life
construction, confid, communic
construction, competit, consider
construction, success, kind
construction, skill, understand
construction, focus, consider
construction, principl, life
construction, principl, creat
construction, analyz, relationship
construction, lead, communic
construction, analyz, respons
construction, success, consider
construction, solut, communic
construction, decis, relationship
construction, strength, communiti
construction, honor, help
,, interperson
,, relationship
,, respect
,, communiti
,, submiss
,, trustworthi
,, connect
,, valid
,, trust
,, relationship
,, relat
,, feel
,, understand
,, consider
,, communic
,, relat
,, interperson
,, share
,, interperson
,, commit
,, talk
,, feel
,, valid
,, depend
,, understand
,, talk
,, commit
,, togeth
,, communiti
